source,target,type,relationship,priority,anchor,anchor_type,target_url
HUB 1,1.1,hub-to-spoke,complementary,must,vending machine business plan,exact,/resources/vending-machine-business-plan
HUB 1,1.2,hub-to-spoke,complementary,must,vending machine franchise,exact,/resources/vending-machine-franchise-vs-independent
HUB 1,1.3,hub-to-spoke,complementary,must,owning a vending machine,exact,/resources/is-owning-a-vending-machine-worth-it
HUB 1,1.4,hub-to-spoke,complementary,must,vending machine business pros and cons,exact,/resources/vending-machine-business-pros-and-cons
HUB 1,1.5,hub-to-spoke,complementary,must,ice vending machine business,exact,/resources/ice-vending-machine-business
HUB 1,1.6,hub-to-spoke,complementary,must,ice vending machine franchise,exact,/resources/ice-vending-machine-franchise
HUB 1,1.7,hub-to-spoke,complementary,must,how to start a vending machine business step by step,exact,/resources/first-30-days-vending-business
HUB 1,1.8,hub-to-spoke,complementary,must,vending machine business while working full time,exact,/resources/start-vending-business-while-working-full-time
HUB 1,HUB 2,cross-hub,deep-dive,must,types of vending machines,exact,/resources/types-of-vending-machines
HUB 1,2.1,cross-hub,deep-dive,must,read this next: how much does a vending machine cost,natural,/resources/how-much-does-a-vending-machine-cost
HUB 1,2.2,cross-hub,deep-dive,must,read this next: new vs. used vending machines,natural,/resources/new-vs-used-vending-machines
HUB 1,HUB 3,cross-hub,deep-dive,must,permit and license checklist,partial,/resources/vending-machine-permit
HUB 1,3.2,cross-hub,deep-dive,must,read this next: llc for a vending machine business,natural,/resources/llc-for-vending-machine-business
HUB 1,4.2,cross-hub,complementary,must,read this next: build or buy a vending route,natural,/resources/build-or-buy-vending-route
HUB 1,HUB 5,cross-hub,deep-dive,must,best vending machine locations,partial,/resources/best-vending-machine-locations
HUB 1,5.1,cross-hub,deep-dive,must,read this next: how to get vending machine locations,natural,/resources/how-to-find-vending-machine-locations
HUB 1,5.2,cross-hub,deep-dive,must,read this next: how to negotiate vending deals,natural,/resources/negotiate-vending-machine-deals
HUB 1,HUB 6,cross-hub,deep-dive,must,financing options by machine type,partial,/resources/vending-machine-business-financing
HUB 1,HUB 7,cross-hub,deep-dive,must,other state guides,natural,/resources/vending-machine-laws-by-state
1.1,HUB 1,spoke-to-hub,parent,must,our complete step-by-step startup guide,natural,/resources/how-to-start-a-vending-machine-business
1.1,1.5,spoke-to-spoke,complementary,must,our guide to ice vending machine business,natural,/resources/ice-vending-machine-business
1.1,2.1,cross-hub,deep-dive,must,how much does a vending machine cost (full breakdown),partial,/resources/how-much-does-a-vending-machine-cost
1.1,2.2,cross-hub,complementary,must,new vs. used vending machines (full breakdown),partial,/resources/new-vs-used-vending-machines
1.1,4.1,hub-to-spoke,complementary,must,vending machine profit calculator,exact,/resources/vending-machine-profit-calculator
1.1,4.2,hub-to-spoke,complementary,must,buy a vending machine route,exact,/resources/build-or-buy-vending-route
1.1,4.3,hub-to-spoke,complementary,must,how to scale a vending machine business,exact,/resources/scale-vending-machine-business
1.1,4.4,hub-to-spoke,complementary,must,vending machine passive income,exact,/resources/replace-your-salary-with-vending
1.1,4.5,hub-to-spoke,complementary,must,automate vending machine business,exact,/resources/automate-vending-machine-business
1.1,4.6,hub-to-spoke,complementary,must,sell vending machine route,exact,/resources/sell-vending-machine-route
1.1,HUB 5,cross-hub,prerequisite,must,how to qualify a location,natural,/resources/best-vending-machine-locations
1.1,HUB 6,cross-hub,complementary,must,how operators pay for their first machine,natural,/resources/vending-machine-business-financing
1.1,6.1,cross-hub,complementary,must,read this next: start vending with no money,natural,/resources/start-vending-machine-business-with-no-money
1.1,6.2,cross-hub,deep-dive,must,read this next: $0 down vending machine financing,natural,/resources/vending-machine-financing-zero-down
1.2,HUB 1,spoke-to-hub,parent,must,starting a vending machine business,partial,/resources/how-to-start-a-vending-machine-business
1.2,1.5,spoke-to-spoke,comparative,should,ice vending machine business (full breakdown),partial,/resources/ice-vending-machine-business
1.2,1.6,spoke-to-spoke,comparative,must,our guide to ice vending franchise vs. independent,natural,/resources/ice-vending-machine-franchise
1.2,2.1,cross-hub,complementary,must,more on how much does a vending machine cost,natural,/resources/how-much-does-a-vending-machine-cost
1.3,HUB 1,spoke-to-hub,parent,must,our complete step-by-step startup guide,natural,/resources/how-to-start-a-vending-machine-business
1.3,1.4,spoke-to-spoke,comparative,must,our guide to vending machine business pros and cons,natural,/resources/vending-machine-business-pros-and-cons
1.3,4.4,cross-hub,complementary,must,read this next: replace your salary with vending,natural,/resources/replace-your-salary-with-vending
1.4,HUB 1,spoke-to-hub,parent,must,the full startup guide,natural,/resources/how-to-start-a-vending-machine-business
1.4,1.3,spoke-to-spoke,comparative,must,our guide to is owning a vending machine worth it,natural,/resources/is-owning-a-vending-machine-worth-it
1.4,1.7,spoke-to-spoke,supporting,should,read this next: first 30 days in vending,natural,/resources/first-30-days-vending-business
1.5,HUB 1,spoke-to-hub,parent,must,how to get into the vending business,partial,/resources/how-to-start-a-vending-machine-business
1.5,1.6,spoke-to-spoke,comparative,must,read this next: ice vending franchise vs. independent,natural,/resources/ice-vending-machine-franchise
1.5,HUB 2,cross-hub,complementary,must,every vending machine type ranked,partial,/resources/types-of-vending-machines
1.5,HUB 3,cross-hub,prerequisite,must,the registrations most operators need,natural,/resources/vending-machine-permit
1.5,HUB 6,cross-hub,complementary,must,vending machine business financing,exact,/resources/vending-machine-business-financing
1.5,6.5,cross-hub,complementary,must,read this next: how to buy a vending route,natural,/resources/vending-machine-route-for-sale
1.6,HUB 1,spoke-to-hub,parent,must,start here if you are brand new,natural,/resources/how-to-start-a-vending-machine-business
1.6,1.5,spoke-to-spoke,sequential,should,more on ice vending machine business,natural,/resources/ice-vending-machine-business
1.7,HUB 1,spoke-to-hub,parent,must,how to start a vending machine business,exact,/resources/how-to-start-a-vending-machine-business
1.7,1.8,spoke-to-spoke,supporting,should,read this next: start vending while working full-time,natural,/resources/start-vending-business-while-working-full-time
1.7,5.1,cross-hub,deep-dive,must,how to get vending machine locations (full breakdown),partial,/resources/how-to-find-vending-machine-locations
1.8,HUB 1,spoke-to-hub,parent,must,starting a vending machine business,partial,/resources/how-to-start-a-vending-machine-business
1.8,1.7,spoke-to-spoke,supporting,should,our guide to first 30 days in vending,natural,/resources/first-30-days-vending-business
1.8,4.4,cross-hub,complementary,must,replace your salary with vending (full breakdown),partial,/resources/replace-your-salary-with-vending
1.8,4.5,cross-hub,deep-dive,must,read this next: automate your vending business,natural,/resources/automate-vending-machine-business
1.8,5.1,cross-hub,deep-dive,must,more on how to get vending machine locations,natural,/resources/how-to-find-vending-machine-locations
HUB 2,HUB 1,cross-hub,prerequisite,must,how to get into the vending business,partial,/resources/how-to-start-a-vending-machine-business
HUB 2,1.1,cross-hub,complementary,must,one-page business plan,partial,/resources/vending-machine-business-plan
HUB 2,1.5,cross-hub,deep-dive,must,ice vending machine business (full breakdown),partial,/resources/ice-vending-machine-business
HUB 2,2.1,hub-to-spoke,complementary,must,how much does a vending machine cost,exact,/resources/how-much-does-a-vending-machine-cost
HUB 2,2.2,hub-to-spoke,complementary,must,used vending machines for sale,exact,/resources/new-vs-used-vending-machines
HUB 2,2.3,hub-to-spoke,complementary,must,combo vending machine,exact,/resources/combo-vending-machine
HUB 2,2.4,hub-to-spoke,complementary,must,ai vending machine,exact,/resources/ai-vending-machines
HUB 2,2.5,hub-to-spoke,complementary,must,how much does it cost to run a vending machine,exact,/resources/cost-to-run-a-vending-machine
HUB 2,2.6,hub-to-spoke,complementary,must,micro market vending machine,exact,/resources/micro-market-vs-smart-cooler-vs-vending
HUB 2,2.7,hub-to-spoke,complementary,must,vending machine products,exact,/resources/best-vending-machine-products
HUB 2,2.8,hub-to-spoke,complementary,must,healthy vending machine,exact,/resources/healthy-vending-machine-business
HUB 2,3.2,cross-hub,complementary,must,llc for a vending machine business (full breakdown),partial,/resources/llc-for-vending-machine-business
HUB 2,HUB 5,cross-hub,prerequisite,must,the location tier system,natural,/resources/best-vending-machine-locations
HUB 2,HUB 6,cross-hub,complementary,must,ways to finance your machines,partial,/resources/vending-machine-business-financing
2.1,HUB 2,spoke-to-hub,parent,must,every vending machine type ranked,partial,/resources/types-of-vending-machines
2.1,2.2,spoke-to-spoke,sequential,should,more on new vs. used vending machines,natural,/resources/new-vs-used-vending-machines
2.1,2.3,spoke-to-spoke,supporting,should,read this next: combo vending machine guide,natural,/resources/combo-vending-machine
2.1,2.4,spoke-to-spoke,comparative,should,our guide to ai vending machines explained,natural,/resources/ai-vending-machines
2.1,2.5,spoke-to-spoke,sequential,should,what it costs to run a vending machine (full breakdown),partial,/resources/cost-to-run-a-vending-machine
2.1,4.1,cross-hub,deep-dive,must,read this next: vending machine roi calculator,natural,/resources/vending-machine-profit-calculator
2.1,HUB 6,cross-hub,complementary,must,every financing option compared,natural,/resources/vending-machine-business-financing
2.1,6.1,cross-hub,complementary,must,start vending with no money (full breakdown),partial,/resources/start-vending-machine-business-with-no-money
2.2,HUB 2,spoke-to-hub,parent,must,which machine fits your location,natural,/resources/types-of-vending-machines
2.2,2.1,spoke-to-spoke,sequential,should,our guide to how much does a vending machine cost,natural,/resources/how-much-does-a-vending-machine-cost
2.2,2.3,spoke-to-spoke,supporting,should,our guide to combo vending machine guide,natural,/resources/combo-vending-machine
2.2,4.2,cross-hub,complementary,must,build or buy a vending route (full breakdown),partial,/resources/build-or-buy-vending-route
2.2,HUB 6,cross-hub,complementary,must,financing options by machine type,partial,/resources/vending-machine-business-financing
2.3,HUB 2,spoke-to-hub,parent,must,compare machine types,partial,/resources/types-of-vending-machines
2.3,2.2,spoke-to-spoke,supporting,should,used vending machines for sale,exact,/resources/new-vs-used-vending-machines
2.3,2.4,spoke-to-spoke,comparative,should,ai vending machines explained (full breakdown),partial,/resources/ai-vending-machines
2.3,HUB 5,cross-hub,prerequisite,must,high traffic vending machine locations,exact,/resources/best-vending-machine-locations
2.3,HUB 6,cross-hub,complementary,must,how operators pay for their first machine,natural,/resources/vending-machine-business-financing
2.4,HUB 2,spoke-to-hub,parent,must,see every option ranked by earnings,natural,/resources/types-of-vending-machines
2.4,2.1,spoke-to-spoke,supporting,should,read this next: how much does a vending machine cost,natural,/resources/how-much-does-a-vending-machine-cost
2.4,2.6,spoke-to-spoke,comparative,must,our guide to micro market vs. smart cooler vs. vending,natural,/resources/micro-market-vs-smart-cooler-vs-vending
2.5,1.1,cross-hub,complementary,must,build your plan first,natural,/resources/vending-machine-business-plan
2.5,HUB 2,spoke-to-hub,parent,must,types of vending machines,exact,/resources/types-of-vending-machines
2.5,2.1,spoke-to-spoke,sequential,should,how much does a vending machine cost (full breakdown),partial,/resources/how-much-does-a-vending-machine-cost
2.5,4.1,cross-hub,deep-dive,must,vending machine roi calculator (full breakdown),partial,/resources/vending-machine-profit-calculator
2.6,HUB 2,spoke-to-hub,parent,must,every vending machine type ranked,partial,/resources/types-of-vending-machines
2.6,2.4,spoke-to-spoke,comparative,should,read this next: ai vending machines explained,natural,/resources/ai-vending-machines
2.6,5.7,cross-hub,complementary,must,read this next: office vending machine guide,natural,/resources/office-vending-machine
2.7,HUB 2,spoke-to-hub,parent,must,which machine fits your location,natural,/resources/types-of-vending-machines
2.7,2.5,spoke-to-spoke,complementary,must,our guide to what it costs to run a vending machine,natural,/resources/cost-to-run-a-vending-machine
2.7,2.8,spoke-to-spoke,supporting,should,our guide to healthy vending machine business,natural,/resources/healthy-vending-machine-business
2.8,1.2,cross-hub,complementary,must,read this next: vending franchise vs. starting your own,natural,/resources/vending-machine-franchise-vs-independent
2.8,HUB 2,spoke-to-hub,parent,must,compare machine types,partial,/resources/types-of-vending-machines
2.8,2.7,spoke-to-spoke,supporting,should,our guide to vending products with the best margins,natural,/resources/best-vending-machine-products
2.8,HUB 5,cross-hub,prerequisite,must,best places to put a vending machine,partial,/resources/best-vending-machine-locations
HUB 3,HUB 1,cross-hub,prerequisite,must,start here if you are brand new,natural,/resources/how-to-start-a-vending-machine-business
HUB 3,3.1,hub-to-spoke,complementary,must,vending machine business license,exact,/resources/vending-machine-business-license-vs-permit
HUB 3,3.2,hub-to-spoke,complementary,must,llc for vending machine,exact,/resources/llc-for-vending-machine-business
HUB 3,3.3,hub-to-spoke,complementary,must,vending machine insurance,exact,/resources/vending-machine-insurance-legal-protection
HUB 3,3.4,hub-to-spoke,complementary,must,vending machine placement agreement,exact,/resources/vending-machine-placement-agreement
HUB 3,3.5,hub-to-spoke,complementary,must,vending machine taxes,exact,/resources/vending-machine-taxes
HUB 3,3.6,hub-to-spoke,complementary,must,vape vending machine laws,exact,/resources/vape-vending-machine-laws
HUB 3,HUB 7,cross-hub,deep-dive,must,vending machine laws by state,exact,/resources/vending-machine-laws-by-state
HUB 3,7.1,cross-hub,deep-dive,must,read this next: florida vending guide,natural,/resources/vending-machine-business-florida
HUB 3,7.2,cross-hub,deep-dive,must,read this next: texas vending guide,natural,/resources/vending-machine-business-texas
HUB 3,7.3,cross-hub,deep-dive,must,read this next: california vending guide,natural,/resources/vending-machine-business-california
HUB 3,7.4,cross-hub,deep-dive,must,read this next: maryland vending license,natural,/resources/vending-machine-license-maryland
HUB 3,7.5,cross-hub,deep-dive,must,read this next: illinois vending permit,natural,/resources/vending-machine-permit-illinois
3.1,HUB 3,spoke-to-hub,parent,must,vending permit requirements,partial,/resources/vending-machine-permit
3.1,3.2,spoke-to-spoke,sequential,should,llc for vending machine,exact,/resources/llc-for-vending-machine-business
3.1,HUB 7,cross-hub,deep-dive,must,state-by-state vending requirements,partial,/resources/vending-machine-laws-by-state
3.2,HUB 3,spoke-to-hub,parent,must,what permits you actually need,natural,/resources/vending-machine-permit
3.2,3.1,spoke-to-spoke,complementary,must,our guide to business license vs. permit,natural,/resources/vending-machine-business-license-vs-permit
3.2,3.3,spoke-to-spoke,sequential,should,read this next: how to legally protect your vending business,natural,/resources/vending-machine-insurance-legal-protection
3.2,3.5,spoke-to-spoke,supporting,should,our guide to vending machine tax strategy,natural,/resources/vending-machine-taxes
3.2,HUB 5,cross-hub,complementary,must,where machines actually make money,natural,/resources/best-vending-machine-locations
3.3,HUB 3,spoke-to-hub,parent,must,permit and license checklist,partial,/resources/vending-machine-permit
3.3,3.1,spoke-to-spoke,complementary,must,read this next: business license vs. permit,natural,/resources/vending-machine-business-license-vs-permit
3.3,3.2,spoke-to-spoke,supporting,should,our guide to llc for a vending machine business,natural,/resources/llc-for-vending-machine-business
3.3,3.4,spoke-to-spoke,sequential,should,what to include in the agreement,natural,/resources/vending-machine-placement-agreement
3.3,5.2,cross-hub,complementary,must,how to negotiate vending deals (full breakdown),partial,/resources/negotiate-vending-machine-deals
3.4,HUB 3,spoke-to-hub,parent,must,the registrations most operators need,natural,/resources/vending-machine-permit
3.4,3.3,spoke-to-spoke,supporting,should,how to legally protect your vending business (full breakdown),partial,/resources/vending-machine-insurance-legal-protection
3.4,HUB 5,spoke-to-hub,parent,must,best vending machine locations,partial,/resources/best-vending-machine-locations
3.4,5.2,cross-hub,complementary,must,more on how to negotiate vending deals,natural,/resources/negotiate-vending-machine-deals
3.4,5.4,cross-hub,complementary,must,read this next: how to get a vending machine contract,natural,/resources/how-to-get-a-vending-machine-contract
3.5,1.1,cross-hub,complementary,must,vending business plan sample,partial,/resources/vending-machine-business-plan
3.5,HUB 3,spoke-to-hub,parent,must,vending machine permit,exact,/resources/vending-machine-permit
3.5,3.2,spoke-to-spoke,supporting,should,llc for a vending machine business,partial,/resources/llc-for-vending-machine-business
3.5,HUB 6,cross-hub,complementary,must,vending machine business financing,exact,/resources/vending-machine-business-financing
3.6,HUB 3,spoke-to-hub,parent,must,vending permit requirements,partial,/resources/vending-machine-permit
3.6,3.1,spoke-to-spoke,supporting,should,vending machine business license,exact,/resources/vending-machine-business-license-vs-permit
3.6,7.1,cross-hub,deep-dive,must,florida vending guide (full breakdown),partial,/resources/vending-machine-business-florida
3.6,7.2,cross-hub,deep-dive,must,texas vending guide (full breakdown),partial,/resources/vending-machine-business-texas
4.1,1.1,spoke-to-hub,parent,must,map out your numbers with our plan template,natural,/resources/vending-machine-business-plan
4.1,2.1,cross-hub,prerequisite,must,how much does a vending machine cost,exact,/resources/how-much-does-a-vending-machine-cost
4.1,2.5,cross-hub,complementary,must,what it costs to run a vending machine (full breakdown),partial,/resources/cost-to-run-a-vending-machine
4.1,4.2,spoke-to-spoke,supporting,should,build or buy a vending route,partial,/resources/build-or-buy-vending-route
4.1,HUB 6,cross-hub,complementary,must,ways to finance your machines,partial,/resources/vending-machine-business-financing
4.2,HUB 1,cross-hub,complementary,must,the full startup guide,natural,/resources/how-to-start-a-vending-machine-business
4.2,1.1,spoke-to-hub,parent,must,one-page business plan,partial,/resources/vending-machine-business-plan
4.2,4.1,spoke-to-spoke,supporting,should,vending machine roi calculator (full breakdown),partial,/resources/vending-machine-profit-calculator
4.2,4.6,spoke-to-spoke,supporting,should,read this next: vending business exit strategy,natural,/resources/sell-vending-machine-route
4.2,6.5,cross-hub,deep-dive,must,how to buy a vending route (full breakdown),partial,/resources/vending-machine-route-for-sale
4.2,6.6,cross-hub,deep-dive,must,read this next: seller financing for vending routes,natural,/resources/seller-financing-vending-route
4.3,1.1,spoke-to-hub,parent,must,build your plan first,natural,/resources/vending-machine-business-plan
4.3,4.4,spoke-to-spoke,sequential,should,replace your salary with vending (full breakdown),partial,/resources/replace-your-salary-with-vending
4.3,4.5,spoke-to-spoke,complementary,must,read this next: automate your vending business,natural,/resources/automate-vending-machine-business
4.4,1.1,spoke-to-hub,parent,must,vending business plan sample,partial,/resources/vending-machine-business-plan
4.4,1.8,cross-hub,complementary,must,read this next: start vending while working full-time,natural,/resources/start-vending-business-while-working-full-time
4.4,4.3,spoke-to-spoke,sequential,should,our guide to how to scale to 100+ machines,natural,/resources/scale-vending-machine-business
4.4,4.5,spoke-to-spoke,supporting,should,automate your vending business (full breakdown),partial,/resources/automate-vending-machine-business
4.5,1.1,spoke-to-hub,parent,must,vending machine business plan,exact,/resources/vending-machine-business-plan
4.5,4.3,spoke-to-spoke,supporting,should,read this next: how to scale to 100+ machines,natural,/resources/scale-vending-machine-business
4.6,1.1,spoke-to-hub,parent,must,free vending business plan template,partial,/resources/vending-machine-business-plan
4.6,4.2,spoke-to-spoke,supporting,should,our guide to build or buy a vending route,natural,/resources/build-or-buy-vending-route
4.6,6.5,cross-hub,complementary,must,more on how to buy a vending route,natural,/resources/vending-machine-route-for-sale
4.6,6.6,cross-hub,complementary,must,seller financing for vending routes (full breakdown),partial,/resources/seller-financing-vending-route
HUB 5,HUB 1,cross-hub,prerequisite,must,how to start a vending machine business,exact,/resources/how-to-start-a-vending-machine-business
HUB 5,1.1,cross-hub,complementary,must,vending machine business plan,exact,/resources/vending-machine-business-plan
HUB 5,HUB 2,cross-hub,complementary,must,which machine fits your location,natural,/resources/types-of-vending-machines
HUB 5,3.4,hub-to-spoke,complementary,must,placement agreement template,partial,/resources/vending-machine-placement-agreement
HUB 5,5.1,hub-to-spoke,complementary,must,how to find vending machine locations,exact,/resources/how-to-find-vending-machine-locations
HUB 5,5.2,hub-to-spoke,complementary,must,vending machine commission rates,exact,/resources/negotiate-vending-machine-deals
HUB 5,5.4,hub-to-spoke,complementary,must,how to get a vending machine contract,exact,/resources/how-to-get-a-vending-machine-contract
HUB 5,5.5,hub-to-spoke,complementary,must,free vending machine placement,exact,/resources/free-vending-machine-placement
HUB 5,5.7,hub-to-spoke,complementary,must,office vending machine,exact,/resources/office-vending-machine
HUB 5,7.18,hub-to-spoke,complementary,must,vending machine routes for sale in Las Vegas,exact,/resources/vending-machine-routes-for-sale-las-vegas
5.1,HUB 5,spoke-to-hub,parent,must,best places to put a vending machine,partial,/resources/best-vending-machine-locations
5.1,5.2,spoke-to-spoke,sequential,should,more on how to negotiate vending deals,natural,/resources/negotiate-vending-machine-deals
5.1,5.4,spoke-to-spoke,sequential,should,read this next: how to get a vending machine contract,natural,/resources/how-to-get-a-vending-machine-contract
5.1,5.5,spoke-to-spoke,comparative,must,our guide to free vending machine for your business,natural,/resources/free-vending-machine-placement
5.2,3.3,cross-hub,complementary,must,read this next: how to legally protect your vending business,natural,/resources/vending-machine-insurance-legal-protection
5.2,3.4,spoke-to-spoke,sequential,should,vending machine placement agreement,exact,/resources/vending-machine-placement-agreement
5.2,HUB 5,spoke-to-hub,parent,must,where machines actually make money,natural,/resources/best-vending-machine-locations
5.2,5.1,spoke-to-spoke,sequential,should,how to find vending machine locations,exact,/resources/how-to-find-vending-machine-locations
5.4,3.4,cross-hub,deep-dive,must,what to include in the agreement,natural,/resources/vending-machine-placement-agreement
5.4,HUB 5,spoke-to-hub,parent,must,how to qualify a location,natural,/resources/best-vending-machine-locations
5.4,5.1,spoke-to-spoke,supporting,should,how to get vending machine locations,partial,/resources/how-to-find-vending-machine-locations
5.5,HUB 5,spoke-to-hub,parent,must,the location tier system,natural,/resources/best-vending-machine-locations
5.5,5.1,spoke-to-spoke,comparative,should,our guide to how to get vending machine locations,natural,/resources/how-to-find-vending-machine-locations
5.5,5.7,spoke-to-spoke,comparative,must,read this next: office vending machine guide,natural,/resources/office-vending-machine
5.7,HUB 2,cross-hub,complementary,must,compare machine types,partial,/resources/types-of-vending-machines
5.7,2.6,cross-hub,complementary,must,micro market vs. smart cooler vs. vending (full breakdown),partial,/resources/micro-market-vs-smart-cooler-vs-vending
5.7,HUB 5,spoke-to-hub,parent,must,best places to put a vending machine,partial,/resources/best-vending-machine-locations
5.7,5.5,spoke-to-spoke,comparative,should,read this next: free vending machine for your business,natural,/resources/free-vending-machine-placement
HUB 6,HUB 1,cross-hub,prerequisite,must,starting a vending machine business,partial,/resources/how-to-start-a-vending-machine-business
HUB 6,1.1,cross-hub,complementary,must,free vending business plan template,partial,/resources/vending-machine-business-plan
HUB 6,3.2,cross-hub,prerequisite,must,more on llc for a vending machine business,natural,/resources/llc-for-vending-machine-business
HUB 6,4.2,cross-hub,complementary,must,more on build or buy a vending route,natural,/resources/build-or-buy-vending-route
HUB 6,6.1,hub-to-spoke,complementary,must,how to start a vending machine business for free,exact,/resources/start-vending-machine-business-with-no-money
HUB 6,6.2,hub-to-spoke,complementary,must,financing vending machines,exact,/resources/vending-machine-financing-zero-down
HUB 6,6.3,hub-to-spoke,complementary,must,buy now pay later vending machine,exact,/resources/buy-now-pay-later-vending-machine
HUB 6,6.4,hub-to-spoke,complementary,must,sba loan vending machine,exact,/resources/sba-loan-vending-machine-business
HUB 6,6.5,hub-to-spoke,complementary,must,vending machine route for sale,exact,/resources/vending-machine-route-for-sale
HUB 6,6.6,hub-to-spoke,complementary,must,seller financing vending machine route,exact,/resources/seller-financing-vending-route
6.1,2.1,cross-hub,complementary,must,how much does a vending machine cost,partial,/resources/how-much-does-a-vending-machine-cost
6.1,2.2,cross-hub,complementary,must,more on new vs. used vending machines,natural,/resources/new-vs-used-vending-machines
6.1,5.1,cross-hub,prerequisite,must,how to find vending machine locations,exact,/resources/how-to-find-vending-machine-locations
6.1,HUB 6,spoke-to-hub,parent,must,ways to finance your machines,partial,/resources/vending-machine-business-financing
6.1,6.2,spoke-to-spoke,sequential,should,read this next: $0 down vending machine financing,natural,/resources/vending-machine-financing-zero-down
6.2,1.1,cross-hub,complementary,must,map out your numbers with our plan template,natural,/resources/vending-machine-business-plan
6.2,2.1,cross-hub,complementary,must,our guide to how much does a vending machine cost,natural,/resources/how-much-does-a-vending-machine-cost
6.2,3.2,cross-hub,prerequisite,must,llc for vending machine,exact,/resources/llc-for-vending-machine-business
6.2,HUB 6,spoke-to-hub,parent,must,every financing option compared,natural,/resources/vending-machine-business-financing
6.2,6.1,spoke-to-spoke,sequential,should,more on start vending with no money,natural,/resources/start-vending-machine-business-with-no-money
6.2,6.3,spoke-to-spoke,comparative,should,our guide to bnpl for vending machines,natural,/resources/buy-now-pay-later-vending-machine
6.2,6.4,spoke-to-spoke,comparative,should,our guide to sba loan for a vending business,natural,/resources/sba-loan-vending-machine-business
6.3,HUB 6,spoke-to-hub,parent,must,financing options by machine type,partial,/resources/vending-machine-business-financing
6.3,6.1,spoke-to-spoke,complementary,must,start vending with no money (full breakdown),partial,/resources/start-vending-machine-business-with-no-money
6.3,6.2,spoke-to-spoke,comparative,should,$0 down vending machine financing (full breakdown),partial,/resources/vending-machine-financing-zero-down
6.4,1.1,cross-hub,prerequisite,must,one-page business plan,partial,/resources/vending-machine-business-plan
6.4,HUB 6,spoke-to-hub,parent,must,how operators pay for their first machine,natural,/resources/vending-machine-business-financing
6.4,6.2,spoke-to-spoke,comparative,should,more on $0 down vending machine financing,natural,/resources/vending-machine-financing-zero-down
6.5,4.2,cross-hub,comparative,must,buy a vending machine route,exact,/resources/build-or-buy-vending-route
6.5,HUB 5,cross-hub,complementary,must,best vending machine locations,partial,/resources/best-vending-machine-locations
6.5,HUB 6,spoke-to-hub,parent,must,vending machine business financing,exact,/resources/vending-machine-business-financing
6.5,6.6,spoke-to-spoke,sequential,should,seller financing for vending routes (full breakdown),partial,/resources/seller-financing-vending-route
6.5,7.18,cross-hub,deep-dive,must,Las Vegas vending routes,partial,/resources/vending-machine-routes-for-sale-las-vegas
6.6,4.6,cross-hub,complementary,must,read this next: vending business exit strategy,natural,/resources/sell-vending-machine-route
6.6,HUB 6,spoke-to-hub,parent,must,ways to finance your machines,partial,/resources/vending-machine-business-financing
6.6,6.5,spoke-to-spoke,sequential,should,vending machine route for sale,exact,/resources/vending-machine-route-for-sale
HUB 7,HUB 1,cross-hub,prerequisite,must,our complete step-by-step startup guide,natural,/resources/how-to-start-a-vending-machine-business
HUB 7,HUB 3,cross-hub,parent,must,vending machine permit,exact,/resources/vending-machine-permit
HUB 7,3.1,cross-hub,complementary,must,more on business license vs. permit,natural,/resources/vending-machine-business-license-vs-permit
HUB 7,3.6,cross-hub,complementary,must,read this next: vape vending machine laws,natural,/resources/vape-vending-machine-laws
HUB 7,7.1,hub-to-spoke,complementary,must,vending machine permit florida,exact,/resources/vending-machine-business-florida
HUB 7,7.2,hub-to-spoke,complementary,must,vending machine permit texas,exact,/resources/vending-machine-business-texas
HUB 7,7.3,hub-to-spoke,complementary,must,vending machine permit california,exact,/resources/vending-machine-business-california
HUB 7,7.4,hub-to-spoke,complementary,must,vending machine license maryland,exact,/resources/vending-machine-license-maryland
HUB 7,7.5,hub-to-spoke,complementary,must,vending machine permit illinois,exact,/resources/vending-machine-permit-illinois
HUB 7,7.6,hub-to-spoke,complementary,must,how to start a vending machine business in georgia,exact,/resources/vending-machine-business-georgia
HUB 7,7.7,hub-to-spoke,complementary,must,how to start a vending machine business in new jersey,exact,/resources/vending-machine-business-new-jersey
HUB 7,7.8,hub-to-spoke,complementary,must,vending machine permit pennsylvania,exact,/resources/vending-machine-permit-pennsylvania
HUB 7,7.9,hub-to-spoke,complementary,must,vending machine license ohio,exact,/resources/vending-machine-license-ohio
HUB 7,7.10,hub-to-spoke,complementary,must,vending machine license massachusetts,exact,/resources/vending-machine-license-massachusetts
HUB 7,7.11,hub-to-spoke,complementary,must,how to start a vending machine business in north carolina,exact,/resources/vending-machine-business-north-carolina
HUB 7,7.12,hub-to-spoke,complementary,must,vending machine license nyc,exact,/resources/vending-machine-license-nyc
HUB 7,7.13,hub-to-spoke,complementary,must,vending machine license michigan,exact,/resources/vending-machine-license-michigan
HUB 7,7.14,hub-to-spoke,complementary,must,how to start a vending machine business in arizona,exact,/resources/vending-machine-business-arizona
HUB 7,7.15,hub-to-spoke,complementary,must,how to start a vending machine business in virginia,exact,/resources/vending-machine-business-virginia
HUB 7,7.16,hub-to-spoke,complementary,must,vending machine license wisconsin,exact,/resources/vending-machine-license-wisconsin
HUB 7,7.17,hub-to-spoke,complementary,must,vending machine license connecticut,exact,/resources/vending-machine-license-connecticut
HUB 7,7.18,hub-to-spoke,complementary,must,Las Vegas vending routes,partial,/resources/vending-machine-routes-for-sale-las-vegas
7.1,3.6,cross-hub,complementary,must,vape vending machine laws (full breakdown),partial,/resources/vape-vending-machine-laws
7.1,HUB 7,spoke-to-hub,parent,must,state-by-state vending requirements,partial,/resources/vending-machine-laws-by-state
7.1,7.2,spoke-to-spoke,directory,should,texas vending guide (full breakdown),partial,/resources/vending-machine-business-texas
7.2,3.6,cross-hub,complementary,must,more on vape vending machine laws,natural,/resources/vape-vending-machine-laws
7.2,HUB 7,spoke-to-hub,parent,must,your state's rules,natural,/resources/vending-machine-laws-by-state
7.2,7.1,spoke-to-spoke,directory,should,florida vending guide (full breakdown),partial,/resources/vending-machine-business-florida
7.2,7.3,spoke-to-spoke,directory,should,read this next: california vending guide,natural,/resources/vending-machine-business-california
7.3,3.1,cross-hub,complementary,must,vending machine business license,exact,/resources/vending-machine-business-license-vs-permit
7.3,HUB 7,spoke-to-hub,parent,must,vending permits by state,partial,/resources/vending-machine-laws-by-state
7.3,7.2,spoke-to-spoke,directory,should,more on texas vending guide,natural,/resources/vending-machine-business-texas
7.3,7.4,spoke-to-spoke,directory,should,read this next: maryland vending license,natural,/resources/vending-machine-license-maryland
7.4,HUB 7,spoke-to-hub,parent,must,find your state,natural,/resources/vending-machine-laws-by-state
7.4,7.3,spoke-to-spoke,directory,should,california vending guide (full breakdown),partial,/resources/vending-machine-business-california
7.4,7.5,spoke-to-spoke,directory,should,read this next: illinois vending permit,natural,/resources/vending-machine-permit-illinois
7.5,HUB 7,spoke-to-hub,parent,must,the full state directory,natural,/resources/vending-machine-laws-by-state
7.5,7.4,spoke-to-spoke,directory,should,maryland vending license (full breakdown),partial,/resources/vending-machine-license-maryland
7.5,7.6,spoke-to-spoke,directory,should,our guide to georgia vending guide,natural,/resources/vending-machine-business-georgia
7.6,HUB 7,spoke-to-hub,parent,must,other state guides,natural,/resources/vending-machine-laws-by-state
7.6,7.5,spoke-to-spoke,directory,should,illinois vending permit (full breakdown),partial,/resources/vending-machine-permit-illinois
7.6,7.7,spoke-to-spoke,directory,should,our guide to new jersey vending guide,natural,/resources/vending-machine-business-new-jersey
7.7,HUB 7,spoke-to-hub,parent,must,vending machine laws by state,exact,/resources/vending-machine-laws-by-state
7.7,7.6,spoke-to-spoke,directory,should,read this next: georgia vending guide,natural,/resources/vending-machine-business-georgia
7.7,7.8,spoke-to-spoke,directory,should,our guide to pennsylvania vending permit,natural,/resources/vending-machine-permit-pennsylvania
7.8,HUB 7,spoke-to-hub,parent,must,state-by-state vending requirements,partial,/resources/vending-machine-laws-by-state
7.8,7.7,spoke-to-spoke,directory,should,read this next: new jersey vending guide,natural,/resources/vending-machine-business-new-jersey
7.8,7.9,spoke-to-spoke,directory,should,our guide to ohio vending license,natural,/resources/vending-machine-license-ohio
7.9,HUB 7,spoke-to-hub,parent,must,your state's rules,natural,/resources/vending-machine-laws-by-state
7.9,7.8,spoke-to-spoke,directory,should,read this next: pennsylvania vending permit,natural,/resources/vending-machine-permit-pennsylvania
7.9,7.10,spoke-to-spoke,directory,should,our guide to massachusetts vending license,natural,/resources/vending-machine-license-massachusetts
7.10,HUB 7,spoke-to-hub,parent,must,vending permits by state,partial,/resources/vending-machine-laws-by-state
7.10,7.9,spoke-to-spoke,directory,should,read this next: ohio vending license,natural,/resources/vending-machine-license-ohio
7.10,7.11,spoke-to-spoke,directory,should,our guide to north carolina vending guide,natural,/resources/vending-machine-business-north-carolina
7.11,HUB 7,spoke-to-hub,parent,must,find your state,natural,/resources/vending-machine-laws-by-state
7.11,7.10,spoke-to-spoke,directory,should,read this next: massachusetts vending license,natural,/resources/vending-machine-license-massachusetts
7.11,7.12,spoke-to-spoke,directory,should,our guide to nyc vending license,natural,/resources/vending-machine-license-nyc
7.12,HUB 7,spoke-to-hub,parent,must,the full state directory,natural,/resources/vending-machine-laws-by-state
7.12,7.11,spoke-to-spoke,directory,should,read this next: north carolina vending guide,natural,/resources/vending-machine-business-north-carolina
7.12,7.13,spoke-to-spoke,directory,should,our guide to michigan vending license,natural,/resources/vending-machine-license-michigan
7.13,HUB 7,spoke-to-hub,parent,must,other state guides,natural,/resources/vending-machine-laws-by-state
7.13,7.12,spoke-to-spoke,directory,should,read this next: nyc vending license,natural,/resources/vending-machine-license-nyc
7.13,7.14,spoke-to-spoke,directory,should,our guide to arizona vending guide,natural,/resources/vending-machine-business-arizona
7.14,HUB 7,spoke-to-hub,parent,must,vending machine laws by state,exact,/resources/vending-machine-laws-by-state
7.14,7.13,spoke-to-spoke,directory,should,read this next: michigan vending license,natural,/resources/vending-machine-license-michigan
7.14,7.15,spoke-to-spoke,directory,should,our guide to virginia vending guide,natural,/resources/vending-machine-business-virginia
7.15,HUB 7,spoke-to-hub,parent,must,state-by-state vending requirements,partial,/resources/vending-machine-laws-by-state
7.15,7.14,spoke-to-spoke,directory,should,read this next: arizona vending guide,natural,/resources/vending-machine-business-arizona
7.15,7.16,spoke-to-spoke,directory,should,our guide to wisconsin vending license,natural,/resources/vending-machine-license-wisconsin
7.16,HUB 7,spoke-to-hub,parent,must,your state's rules,natural,/resources/vending-machine-laws-by-state
7.16,7.15,spoke-to-spoke,directory,should,read this next: virginia vending guide,natural,/resources/vending-machine-business-virginia
7.16,7.17,spoke-to-spoke,directory,should,our guide to connecticut vending license,natural,/resources/vending-machine-license-connecticut
7.17,HUB 7,spoke-to-hub,parent,must,vending permits by state,partial,/resources/vending-machine-laws-by-state
7.17,7.16,spoke-to-spoke,directory,should,read this next: wisconsin vending license,natural,/resources/vending-machine-license-wisconsin
7.17,7.18,spoke-to-spoke,directory,should,Las Vegas vending routes,partial,/resources/vending-machine-routes-for-sale-las-vegas
7.18,4.2,cross-hub,complementary,must,build or buy a vending route,partial,/resources/build-or-buy-vending-route
7.18,HUB 5,spoke-to-hub,parent,must,high traffic vending machine locations,exact,/resources/best-vending-machine-locations
7.18,5.1,spoke-to-spoke,supporting,should,read this next: how to get vending machine locations,natural,/resources/how-to-find-vending-machine-locations
7.18,6.5,cross-hub,deep-dive,must,vending machine route for sale,exact,/resources/vending-machine-route-for-sale
7.18,HUB 7,spoke-to-hub,parent,must,find your state,natural,/resources/vending-machine-laws-by-state
7.18,7.17,spoke-to-spoke,directory,should,read this next: connecticut vending license,natural,/resources/vending-machine-license-connecticut
